Row,Model_Name,RMSE_Test,MAE_Test,R2_Test,MAPE_Test,Directional_Accuracy_Test
۱,GBM_1_AutoML_1_20251126_25122,0.002015199241128809,0.0012496637209442989,0.9276623890746629,6400966.0395675,62.9247572815534
